af2c1929-40ae-4c98-98a1-8478c09eb358, Placeholder Rank 1, TBD
e8311ab9-9e2c-41df-9099-39f827d2265c, Placeholder Rank 2, TBD
324d2e7d-b923-43c0-9cd4-fa8edd0b8dcc, Placeholder Rank 3, TBD
f8eb077c-aeb9-41b2-aa1b-8b6caa4f2f54, Placeholder Rank 4, TBD
9666c419-03f9-47a4-9582-1a1218d7c752, Placeholder Rank 5, TBD
6b2e6f5b-b67e-4d41-892b-3a23d5bf9c4d, Placeholder Rank 6, TBD
1ed0d392-97cf-44b8-8cd8-25174a7f0417, Placeholder Rank 7, TBD
069a7aef-bbef-4c83-a318-42a6fd2595c4, Placeholder Rank 8, TBD
b824c0f3-e4a1-4a04-9b71-8c07ad9ad349, Placeholder Rank 9, TBD
88a3fa66-7a84-439a-b925-e986740e6374, Placeholder Rank 10, TBD
444be3d3-7c21-4b3d-a11e-4cc9252758d2, Placeholder Rank 11, TBD
da4d62f5-4d64-4b56-88c0-1800978ebfc0, Placeholder Rank 12, TBD
24017b48-b8ae-4828-916e-06a4640a98fd, Placeholder Rank 13, TBD
f88a970d-8921-40e7-8090-090ad9cb65db, Placeholder Rank 14, TBD
24efa019-7ccd-4d28-9edb-b3dcab1f85d6, Placeholder Rank 15, TBD
cce5cd3b-f18c-45ce-87ad-d823d7f54aa0, Placeholder Rank 16, TBD
52037d21-95b9-4627-ad38-e281aae9247f, Placeholder Rank 17, TBD
a5eaddcf-bcce-48e0-a788-94c1dbc2d2e5, Placeholder Rank 18, TBD
7e51ca82-3583-4225-90f1-0467856e37c8, Placeholder Rank 19, TBD
262eed8a-d302-4ec8-8b72-1b75bf189fa8, Placeholder Rank 20, TBD
00366acd-64b6-49a3-a4fa-f98a98fb5382, Placeholder Rank 21, TBD
1055fc23-1a9e-4bad-869f-5c6960939ea7, Placeholder Rank 22, TBD
b677cefb-fbe6-4f18-b813-52ccdbb9b2f9, Placeholder Rank 23, TBD
b06752e6-7425-4c36-aaa6-94650077cb3f, Placeholder Rank 24, TBD
