9ce44dea-675c-4ec4-b143-e313d9b29d1b, Placeholder Rank 1, TBD
617da4e7-5233-4331-90e8-f69631bd3765, Placeholder Rank 2, TBD
795e6597-095f-4747-ab30-d0741ebb3a71, Placeholder Rank 3, TBD
1f4e5142-ead3-46f4-a406-6a1a33500e19, Placeholder Rank 4, TBD
73c26037-7f2f-46c0-8661-12f5f20b4734, Placeholder Rank 5, TBD
8fd2ffa0-465c-43c3-a5b4-eb4926437f1f, Placeholder Rank 6, TBD
2146c1c1-80e6-441b-86d4-58c96f8703f9, Placeholder Rank 7, TBD
73b5037f-2cdf-4c74-ad34-b5bad9bf8633, Placeholder Rank 8, TBD
9cd82299-8380-4aef-834e-b70da088e882, Placeholder Rank 9, TBD
61209b38-9b4b-4d67-9330-f454de4a1bee, Placeholder Rank 10, TBD
