6d10c495-9e4a-461f-bc06-cdd9084a50d0, Placeholder Rank 1, TBD
223dca0f-4231-443d-b7a9-48d048f33fa7, Placeholder Rank 2, TBD
4a58a7a1-f0fe-4435-b7bb-b2ac56e42104, Placeholder Rank 3, TBD
88e79d7a-aa30-4b85-8670-f9e8b257e7b9, Placeholder Rank 4, TBD
c8724f2e-a3bf-40fe-a0ef-3deb90af5132, Placeholder Rank 5, TBD
383f6fdd-e538-4bdd-b673-048ec9d358b3, Placeholder Rank 6, TBD
1427060d-0653-46c0-a48e-8995d0978d6f, Placeholder Rank 7, TBD
d9051ae4-4d04-4b3b-a1f7-7cfb23c7242a, Placeholder Rank 8, TBD
f07efee8-05fe-4d78-aee1-a9c3098842ee, Placeholder Rank 9, TBD
812f2d16-7695-4b20-9f03-209193e084c8, Placeholder Rank 10, TBD
caa1619c-e64d-4a7a-9e0d-c5daa1782567, Placeholder Rank 11, TBD
ed94cd60-ea9c-48b3-b54d-9bffdd3ac652, Placeholder Rank 12, TBD
