57062075-6aee-46fb-84b6-4149e6b77171, Placeholder Rank 1, TBD
2bb3ce95-88bf-4118-9b7d-c8fb09fb9863, Placeholder Rank 2, TBD
2050ef3f-b0a8-4a69-9a73-b43db1d83ca6, Placeholder Rank 3, TBD
e975c474-dd19-4387-a256-7cf507b2ce51, Placeholder Rank 4, TBD
625a1d52-4a73-4334-b192-0edcd1de7012, Placeholder Rank 5, TBD
3754ac1b-5b50-4349-9412-ae383b445936, Placeholder Rank 6, TBD
563ae456-3cdf-4c29-98ca-188e13a77175, Placeholder Rank 7, TBD
51671ad8-6f54-468f-96a3-e5f1bcc310d3, Placeholder Rank 8, TBD
13198912-0ee9-4700-a2ef-7ae60ec85d0a, Placeholder Rank 9, TBD
57634237-9c04-4624-9a7e-c362d59d1c6c, Placeholder Rank 10, TBD
6ca71850-1eed-49f2-ae43-b6df60da3164, Placeholder Rank 11, TBD
30f788cd-5d20-4021-8766-31788ed636b2, Placeholder Rank 12, TBD
5fb37f75-98db-41e9-94dc-bcc0b45b016a, Placeholder Rank 13, TBD
56b6ec30-df08-4e44-ac65-23548ea161cf, Placeholder Rank 14, TBD
39dfa8dd-5eff-44d5-9411-8cc86eaa1ae4, Placeholder Rank 15, TBD
5f69a3d4-0e02-4a63-a437-7af46917c54b, Placeholder Rank 16, TBD
d8930978-4e47-43f1-a88a-f73786f761c1, Placeholder Rank 17, TBD
dfb505f6-025f-4b04-bdba-8793d5f151b9, Placeholder Rank 18, TBD
7d5f9817-b88d-46db-bbb2-7483e3bafafa, Placeholder Rank 19, TBD
1f7cfd98-dc30-4aae-bc2a-bd8e5aac6a55, Placeholder Rank 20, TBD
4576f078-64b2-46b9-80b1-acbef1dad0c4, Placeholder Rank 21, TBD
346d87b5-6f92-4df9-b879-1034a7c145da, Placeholder Rank 22, TBD
0538074b-90a1-4e48-aad2-39fb0e4567c4, Placeholder Rank 23, TBD
3569f48e-5c46-435a-8568-5f22a72b86a4, Placeholder Rank 24, TBD
255a747f-e06b-4587-a662-0c9b8f7e0ebe, Placeholder Rank 25, TBD
eeaa2580-fc5b-439b-b47c-050fc265e1e9, Placeholder Rank 26, TBD
88be2779-00f0-4a45-80b3-2f746270e180, Placeholder Rank 27, TBD
b1475ba3-d928-495c-b48f-09ecdc0ff72b, Placeholder Rank 28, TBD
022e71a0-dc14-40a9-a009-57436c720388, Placeholder Rank 29, TBD
1a53f1d0-666f-4745-bac9-9492f6c8d184, Placeholder Rank 30, TBD
e41f59a3-e9d8-4d2d-ae8d-1e6e6bc1736b, Placeholder Rank 31, TBD
8e84207e-2673-4108-bbff-86a8ed91285e, Placeholder Rank 32, TBD
2a38eb03-8ad3-4732-83f3-acce19c0580f, Placeholder Rank 33, TBD
2a4e2cd1-54b0-4048-84cd-e122dfc87c67, Placeholder Rank 34, TBD
